passport,destination,status,days,source_url,notes,confidence,verified_at,model,validator_agreed,validated_by
Afghanistan,Albania,ev,90,https://punetejashtme.gov.al/en/regjimi-i-vizave-per-te-huajt/,E-visa (Type C) available online via e-visa.al; permits 90 days within 180-day period.,high,2026-04-19,claude-code:haiku,,
Afghanistan,Algeria,vr,90,https://en.wikipedia.org/wiki/Visa_policy_of_Algeria,Afghan citizens must obtain a tourist visa from an Algerian embassy before arrival; maximum stay is 90 days.,low,2026-04-19,claude-code:haiku,,
Afghanistan,Andorra,vf,,https://visitandorra.com/en/visitor-information/passports-visas-and-customs/,"Andorra imposes no visa requirement; however, a Schengen visa is required to access Andorra via France or Spain.",low,2026-04-19,claude-code:haiku,,
Afghanistan,Angola,vr,30,https://www.sme.gov.ao/ao/perguntas-frequentes/evisa-english-version/,"Afghanistan is not eligible for Angola's online e-visa; tourist visa must be applied through traditional visa channels at Angolan embassy, valid for 30 days.",high,2026-04-19,claude-code:haiku,,
Afghanistan,Antigua and Barbuda,ev,90,https://antiguavisa.com/,Afghanistan passport holders must obtain an Electronic Entry Visa (EEV) online; valid for 180 days with permitted stay up to 90 days per entry.,low,2026-04-19,claude-code:haiku,,
Afghanistan,Argentina,vr,90,https://www.argentina.travel/en/news/argentina-visa-who-needs-to-apply-for-tourism-travel-what-are-the-requirements-and-how-to-apply,"Afghanistan nationals must apply for a tourist visa in advance; maximum stay 90 days, renewable once for another 90 days.",low,2026-04-19,claude-code:haiku,,
Afghanistan,Armenia,vr,120,https://www.mfa.am/en/invitation_only,Afghanistan citizens must apply for visa at Armenian diplomatic representations or consular posts abroad with an invitation only.,high,2026-04-19,claude-code:haiku,,
Afghanistan,Australia,vr,365,https://immi.homeaffairs.gov.au/visas/getting-a-visa/visa-listing/visitor-600,"Afghan citizens require a Visitor Visa (subclass 600); approved for 3, 6, or 12 months depending on circumstances.",high,2026-04-19,claude-code:haiku,,
Afghanistan,Austria,vr,90,https://www.bmeia.gv.at/en/travel-stay/entrance-and-residence-in-austria/visa,Schengen visa C required; apply in advance at Austrian consulate for up to 90 days stay.,low,2026-04-19,claude-code:haiku,,
Afghanistan,Azerbaijan,vr,,https://azerbaijan.az/en/related-information/215,"Afghanistan citizens must apply for a visa through the embassy of Azerbaijan; not eligible for visa-free, visa-on-arrival, or e-visa.",low,2026-04-19,claude-code:haiku,,
Afghanistan,Bahamas,vr,,https://mofa.gov.bs/consular-services/needs-visas-enter-bahamas/,Afghan nationals must obtain a Bahamian visitor visa through the Ministry of Foreign Affairs in advance; not eligible for eVisa.,high,2026-04-19,claude-code:haiku,,
Afghanistan,Bahrain,ev,30,https://www.evisa.gov.bh/,E-visa required; apply online at evisa.gov.bh before travel. Maximum stay 30 days after arrival.,high,2026-04-19,claude-code:haiku,,
Afghanistan,Bangladesh,vr,90,https://visa.gov.bd/,Afghan nationals must obtain a tourist visa in advance; single-entry visa valid for 3 months.,high,2026-04-19,claude-code:haiku,,
Afghanistan,Barbados,vr,90,https://en.wikipedia.org/wiki/Visa_policy_of_Barbados,"Afghan nationals must obtain a visa in advance; single-entry visa valid for 3 months, multiple-entry for 6 months.",low,2026-04-19,claude-code:haiku,,
Afghanistan,Belarus,vr,30,https://mfa.gov.by/en/visa/ru_visa_types/,Afghan citizens require a visa applied in advance at a Belarusian embassy or consulate; tourist visas issued for up to 30 days.,high,2026-04-19,claude-code:haiku,,
Afghanistan,Belgium,vr,90,https://pakistan.diplomatie.belgium.be/en/travel-belgium/visa-belgium-and-grand-duchy-luxembourg/short-stay-visa-citizens-afghanistan,Afghan nationals must apply at the Belgian Embassy in Islamabad through a Visa Application Centre; processing requires minimum 3 weeks.,low,2026-04-19,claude-code:haiku,,
Afghanistan,Belize,vr,30,https://immigration.gov.bz/visa/visa-who-qualify/,Afghanistan passport holders require a visa issued by Belize Department of Immigration; maximum 30-day stay.,high,2026-04-19,claude-code:haiku,,
Afghanistan,Benin,ev,90,https://travel.state.gov/content/travel/en/international-travel/International-Travel-Country-Information-Pages/Benin.html,E-visa required; apply online via evisa.bj between 7–90 days before travel; valid 30 or 90 days depending on type.,high,2026-04-19,claude-code:haiku,,
Afghanistan,Bhutan,ev,90,https://www.doi.gov.bt/?page_id=192&lang=en,Afghanistan passport holders must apply for an e-visa online through Bhutan's immigration system; visa approval typically takes 5 working days.,high,2026-04-19,claude-code:haiku,,
Afghanistan,Bolivia,vr,30,https://embajadadebolivia.eu/en/turism-visa/,"Group 3 citizens require visa authorization from Bolivia's National Migration Service; tourist visa permits 30-day stay, extendable twice for same duration.",low,2026-04-19,claude-code:haiku,,
Afghanistan,Bosnia and Herzegovina,vr,90,https://en.wikipedia.org/wiki/Visa_policy_of_Bosnia_and_Herzegovina,Type C visa required; 90 days max within 180-day period; apply at embassy/consulate in advance.,low,2026-04-19,claude-code:haiku,,
Afghanistan,Botswana,ev,90,https://evisa.gov.bw,E-visa required; apply online at the official Botswana e-visa portal. Maximum stay is 90 days within a 12-month period.,high,2026-04-19,claude-code:haiku,,
Afghanistan,Brazil,vr,90,https://www.gov.br/mre/pt-br/embaixada-abu-dhabi/abu-dhabi-arquivos/english/consular-services/visa/types-of-visa/visitor-visa-vivis,VIVIS (visitor visa) required; in-person embassy application; maximum 90-day stay for tourism.,high,2026-04-19,claude-code:haiku,,
Afghanistan,Brunei,vr,,https://www.mfa.gov.bn/Pages/Visa-Information.aspx,"Afghanistan classified as Category A; visa required, applied through Brunei diplomatic missions.",high,2026-04-19,claude-code:haiku,,
Afghanistan,Bulgaria,vr,90,https://www.mfa.bg/en/services-travel/consular-services/travel-bulgaria/visa-bulgaria,"Afghanistan passport holders require a Schengen visa; apply at Bulgarian embassy in New Delhi, Islamabad, or Tehran.",high,2026-04-19,claude-code:haiku,,
Afghanistan,Burkina Faso,ev,90,https://www.visaburkina.bf/en/entry-visas-to-burkina-faso-the-short-term-visa/,"Afghan nationals require an eVisa; tourist visa valid for up to 90 days, available through the official Burkina Faso eVisa portal (launched August 2023).",low,2026-04-19,claude-code:haiku,,
Afghanistan,Burundi,voa,30,https://travel.state.gov/content/travel/en/international-travel/International-Travel-Country-Information-Pages/Burundi.html,Non-visa-exempt countries including Afghanistan can obtain a 30-day visa on arrival at Bujumbura Airport for $90 USD.,medium,2026-04-19,claude-code:haiku,,
Afghanistan,Cambodia,ev,30,https://www.evisa.gov.kh/,"Afghanistan nationals require an e-Visa for Cambodia tourism; apply online, single entry, max 30 days stay.",high,2026-04-19,claude-code:haiku,,
Afghanistan,Central African Republic,vr,30,https://www.gov.uk/foreign-travel-advice/central-african-republic/entry-requirements,"Visa required, must be obtained in advance through CAR Embassy in Paris; yellow fever vaccination required.",high,2026-04-19,claude-code:haiku,,
Australia,Canada,eta,180,https://www.canada.ca/en/immigration-refugees-citizenship/services/visit-canada/eta.html,Australian citizens are visa-exempt and require an Electronic Travel Authorization (eTA) to fly to Canada; eTA costs CAD $7 and is valid for up to 5 years.,medium,2026-04-18,claude-code:haiku,yes,claude-code:sonnet
Australia,France,vf,90,https://france-visas.gouv.fr/en/web/france-visas/australie,Australian citizens are authorized to enter and stay in France without a visa for 90 days within any 180-day period under Schengen rules.,medium,2026-04-18,claude-code:haiku,yes,claude-code:sonnet
Australia,Germany,vf,90,https://australien.diplo.de/au-en/service/visa/short-term-visa-2073662,Australian citizens are visa-free for up to 90 days in a 180-day period under a bilateral visa exemption agreement.,medium,2026-04-18,claude-code:haiku,yes,claude-code:sonnet
Australia,Greece,vf,90,https://greece.embassy.gov.au/athn/visas_for_gr.html,Australian passport holders may enter Greece visa-free for tourism purposes for 90 days within any 6-month period.,high,2026-04-18,claude-code:haiku,,claude-code:sonnet
Australia,Indonesia,ev,30,https://evisa.imigrasi.go.id/front/info/evoa,"Electronic Visitor Visa (e-VoA) single-entry; 30-day stay permitted; costs IDR 500,000.",high,2026-04-18,claude-code:haiku,no,claude-code:sonnet
Australia,Italy,vf,90,https://conssydney.esteri.it/en/servizi-consolari-e-visti/servizi-per-il-cittadino-straniero/visti/,Australian citizens can travel to Italy visa-free for tourism for up to 90 days within the Schengen Area.,medium,2026-04-18,claude-code:haiku,yes,claude-code:sonnet
Australia,Japan,vf,90,https://www.mofa.go.jp/j_info/visit/visa/short/novisa.html,Australian citizens may enter Japan visa-free for tourism and stay up to 90 days.,high,2026-04-18,claude-code:haiku,yes,claude-code:sonnet
Australia,Malaysia,vf,90,https://www.kln.gov.my/web/aus_canberra/requirement_foreigner,Australian passport holders receive visa-free entry for up to 90 days for tourism; passport must be valid 6+ months with two blank pages.,high,2026-04-18,claude-code:haiku,yes,claude-code:sonnet
Australia,Mexico,vf,180,https://embamex.sre.gob.mx/australia/index.php/en/?option=com_content&view=article&id=251,Australian passport holders can enter Mexico visa-free for up to 180 days for tourism purposes with no advance visa application required.,medium,2026-04-18,claude-code:haiku,yes,claude-code:sonnet
Australia,Netherlands,vf,90,https://www.netherlandsworldwide.nl/visa-the-netherlands/schengen-visa/apply-australia,Australian passport holders are visa-free for the Netherlands and can stay up to 90 days in any 180-day period within the Schengen area.,medium,2026-04-18,claude-code:haiku,yes,claude-code:sonnet
Australia,Singapore,vf,90,https://canberra.mfa.gov.sg/consular-services/visa-information/,Australian passport holders do not require a visa for tourist visits; they receive a Visit Pass upon arrival valid for up to 90 days.,high,2026-04-18,claude-code:haiku,no,claude-code:sonnet
Australia,South Korea,vf,90,https://www.mofa.go.kr/au-en/brd/m_3304/view.do?seq=761372,Australian passport holders are exempt from K-ETA until 31 December 2026; can stay visa-free for up to 90 days.,medium,2026-04-18,claude-code:haiku,yes,claude-code:sonnet
Australia,Spain,vf,90,https://www.eeas.europa.eu/australia/travel-study_en,Australian citizens are visa-free to enter Spain (Schengen area) for up to 90 days within any 180-day period for tourism.,high,2026-04-18,claude-code:haiku,yes,claude-code:sonnet
Australia,Switzerland,vf,90,https://www.eda.admin.ch/countries/australia/en/home/visa/entry-ch.html,Australian citizens are visa-free to Switzerland since 1 January 2022; 90-day limit per 180-day period in Schengen Area.,medium,2026-04-18,claude-code:haiku,,claude-code:sonnet
Australia,Thailand,vf,60,https://www.mfa.go.th/en/page/questions-answers-on-thai-visa,Australian tourists can enter Thailand visa-free for up to 60 days for tourism purposes; extendable for additional 30 days at immigration office.,high,2026-04-18,claude-code:haiku,yes,claude-code:sonnet
Australia,Turkey,vf,90,https://www.mfa.gov.tr/visa-information-for-foreigners.en.mfa,"Ordinary Australian passport holders are exempt from visa requirements for tourism and transit for up to 90 days within any 180-day period (effective April 17, 2026).",high,2026-04-18,claude-code:haiku,yes,claude-code:sonnet
Australia,United Arab Emirates,vf,90,https://u.ae/en/information-and-services/visa-and-emirates-id/tourist-visa,Australian citizens can enter the UAE visa-free for 90 days per 180-day period with no advance visa required.,medium,2026-04-18,claude-code:haiku,no,claude-code:sonnet
Australia,United Kingdom,eta,180,https://www.gov.uk/eta,"Australian passport holders require an Electronic Travel Authorisation (ETA) to visit the UK for tourism, visiting family, or business for up to 6 months.",high,2026-04-18,claude-code:haiku,yes,claude-code:sonnet
Australia,United States,eta,90,https://travel.state.gov/content/travel/en/us-visas/tourism-visit/visa-waiver-program.html,"Australian citizens eligible for Visa Waiver Program; ESTA approval required before travel, no visa needed.",high,2026-04-18,claude-code:haiku,yes,claude-code:sonnet
Canada,Australia,eta,90,https://canada.embassy.gov.au/otwa/visas_and_migration.html,Canadian citizens require an Electronic Travel Authority (ETA); allows multiple entries with up to 90 days per stay within a 12-month period.,high,2026-04-18,claude-code:haiku,yes,claude-code:sonnet
Canada,France,vf,90,https://travel.gc.ca/destinations/france,Visa-free for up to 90 days in any 180-day period within the Schengen area.,medium,2026-04-18,claude-code:haiku,yes,claude-code:sonnet
Canada,Germany,vf,90,https://canada.diplo.de/ca-en/consular-services/visa/2653576-2653576,Canadian citizens can stay visa-free in Germany for up to 90 days within any 180-day period as tourists.,medium,2026-04-18,claude-code:haiku,yes,claude-code:sonnet
Canada,Greece,vf,90,https://travel.gc.ca/destinations/greece,Canadian citizens do not require a visa for stays up to 90 days in any 180-day period in Greece as a Schengen area visitor.,medium,2026-04-18,claude-code:haiku,yes,claude-code:sonnet
Canada,Indonesia,ev,30,https://evisa.imigrasi.go.id/front/info/evoa,Canadian passport holders must apply online for e-Visitor Visa allowing 30-day single-entry stay for tourism.,high,2026-04-18,claude-code:haiku,no,claude-code:sonnet
Canada,Italy,vf,90,https://constoronto.esteri.it/en/servizi-consolari-e-visti/servizi-per-il-cittadino-straniero/visti/visti-schengen/visto-per-turismo/,Canadian citizens are exempt from visa requirements for tourism stays up to 90 days in any 180-day period.,medium,2026-04-18,claude-code:haiku,yes,claude-code:sonnet
Canada,Japan,vf,90,https://travel.gc.ca/destinations/japan,Canadian passport holders can enter Japan visa-free for tourism up to 90 days.,medium,2026-04-18,claude-code:haiku,yes,claude-code:sonnet
Canada,Malaysia,vf,90,https://travel.gc.ca/destinations/malaysia,Canadian citizens do not require a tourist visa for stays up to 90 days.,medium,2026-04-18,claude-code:haiku,yes,claude-code:sonnet
Canada,Mexico,vf,180,https://consulmex.sre.gob.mx/toronto/index.php/en/servicesforeigners/doclegalization/52-conservices/225-visitors-who-do-not-require-a-visa-with-a-stay-up-to-180-days,Canadian citizens do not require a visa; visa-free entry for up to 180 days with valid passport and completed FMM form.,medium,2026-04-18,claude-code:haiku,yes,claude-code:sonnet
Canada,Netherlands,vf,90,https://www.netherlandsworldwide.nl/visa-the-netherlands/schengen-visa/apply-canada,Canadian citizens can visit the Netherlands visa-free for up to 90 days within any 180-day period as part of the Schengen area.,medium,2026-04-18,claude-code:haiku,yes,claude-code:sonnet
Canada,Singapore,vf,30,https://www.ica.gov.sg/enter-transit-depart/entering-singapore/visa_requirements,Canadian passport holders do not require a visa for tourist visits up to 30 days; SG Arrival Card completion required.,high,2026-04-18,claude-code:haiku,yes,claude-code:sonnet
Canada,South Korea,vf,180,https://travel.gc.ca/destinations/south-korea,"Canadian citizens are visa-free for tourism; K-ETA exemption extended through December 31, 2026.",medium,2026-04-18,claude-code:haiku,yes,claude-code:sonnet
Canada,Spain,vf,90,https://www.exteriores.gob.es/Embajadas/ottawa/en/ServiciosConsulares/Paginas/Canadian-citizens-are-exempt-from-obtaining-a-tourist-visa-to-travel-to-Spain.aspx,Canadian citizens exempt from visa; visa-free entry for up to 90 days in any 180-day period under Schengen rules.,medium,2026-04-18,claude-code:haiku,yes,claude-code:sonnet
Canada,Switzerland,vf,90,https://travel.gc.ca/destinations/switzerland,Canadian citizens do not require a visa for tourism; visa-free access is limited to 90 days per 180-day period within the Schengen area.,medium,2026-04-18,claude-code:haiku,yes,claude-code:sonnet
Canada,Thailand,vf,60,https://travel.gc.ca/destinations/thailand,Canadian citizens can enter without a visa for tourism stays up to 60 days; extensions available at Thailand's Immigration Office.,medium,2026-04-18,claude-code:haiku,yes,claude-code:sonnet
Canada,Turkey,vf,90,https://www.mfa.gov.tr/visa-information-for-foreigners.en.mfa,Ordinary Canadian passport holders are visa-exempt for tourism visits up to 90 days within any 180-day period.,high,2026-04-18,claude-code:haiku,yes,claude-code:sonnet
Canada,United Arab Emirates,voa,90,https://travel.gc.ca/destinations/united-arab-emirates,"Canadian passport holders receive a 90-day visa on arrival at UAE ports of entry, valid for 6 months from issue date, free of charge.",medium,2026-04-18,claude-code:haiku,yes,claude-code:sonnet
Canada,United Kingdom,eta,180,https://travel.gc.ca/destinations/united-kingdom,Electronic Travel Authorization (eTA) required before travel; apply online at least 3 days before departure; tourist stays permitted up to 6 months.,medium,2026-04-18,claude-code:haiku,yes,claude-code:sonnet
Canada,United States,vf,180,https://travel.state.gov/content/travel/en/us-visas/tourism-visit/citizens-of-canada-and-bermuda.html,Canadian citizens do not require a nonimmigrant visa for tourism; valid passport required.,high,2026-04-18,claude-code:haiku,yes,claude-code:sonnet
Germany,Australia,eta,90,https://immi.homeaffairs.gov.au/visas/getting-a-visa/visa-listing/evisitor-651,"German passport holders require an eVisitor (Subclass 651) for tourism; allows 90-day stays, valid 12 months with multiple entries.",high,2026-04-18,claude-code:haiku,no,claude-code:sonnet
Germany,Canada,eta,180,https://www.canada.ca/en/immigration-refugees-citizenship/services/visit-canada/eta.html,German citizens require an eTA (electronic travel authorization) to enter Canada by air; normally permits stays up to 6 months.,high,2026-04-18,claude-code:haiku,yes,claude-code:sonnet
Germany,France,vf,90,https://home-affairs.ec.europa.eu/policies/schengen/visa-policy_en,German EU citizens enjoy visa-free travel to France for short stays up to 90 days within any 180-day period.,high,2026-04-18,claude-code:haiku,yes,claude-code:sonnet
Germany,Greece,vf,90,https://home-affairs.ec.europa.eu/policies/schengen/visa-policy_en,German citizens can travel visa-free to Greece as EU/Schengen nationals with no visa requirement.,high,2026-04-18,claude-code:haiku,yes,claude-code:sonnet
Germany,Indonesia,voa,30,https://evisa.imigrasi.go.id/front/info/evoa,"E-Visa on Arrival (eVOA) valid for single-entry, 30-day stay; apply online or at airport.",high,2026-04-18,claude-code:haiku,yes,claude-code:sonnet
Germany,Italy,vf,,https://www.italia.it/en/italy/practical-information/travel-document-italy,German citizens are EU/Schengen members; visa-free entry with valid passport or identity card.,low,2026-04-18,claude-code:haiku,yes,claude-code:sonnet
Germany,Japan,vf,90,https://www.de.emb-japan.go.jp/itpr_de/konsular_Visa_EN.html,German passport holders can enter Japan visa-free for tourism and short-term stays up to 90 days without prior visa application.,high,2026-04-18,claude-code:haiku,yes,claude-code:sonnet
Germany,Malaysia,vf,90,https://www.imi.gov.my/index.php/en/main-services/visa/visa-requirement-by-country/,German citizens do not require a visa to enter Malaysia as tourists and can stay visa-free for up to 90 days.,high,2026-04-18,claude-code:haiku,yes,claude-code:sonnet
Germany,Mexico,vf,180,https://embamex.sre.gob.mx/alemania/index.php/de/konsularabteilung/visum/51-alemania/752-regular-requirements-for-non-mexican-persons-entering-mexico,German citizens do not require a visa for tourism; enter visa-free with a valid passport and tourist card (FMM).,high,2026-04-18,claude-code:haiku,yes,claude-code:sonnet
Germany,Netherlands,vf,90,https://www.eeas.europa.eu/sites/default/files/frequently_asked_questions_en.pdf,German passport holders have visa-free access to the Netherlands as both countries are Schengen Area members; standard 90-day short-stay limit applies.,high,2026-04-18,claude-code:haiku,yes,claude-code:sonnet
Germany,Singapore,vf,90,https://www.ica.gov.sg/enter-transit-depart/entering-singapore/visa_requirements,German nationals are not on Singapore's visa-required list and may enter visa-free; social visit pass typically granted for up to 90 days.,high,2026-04-18,claude-code:haiku,,claude-code:sonnet
Germany,South Korea,vf,90,https://english.visitkorea.or.kr/svc/contents/contentsView.do?vcontsId=140769,"German citizens eligible for visa-free entry; K-ETA optional and exempted through December 31, 2026.",low,2026-04-18,claude-code:haiku,,claude-code:sonnet
Germany,Spain,vf,90,https://www.exteriores.gob.es/Consulados/washington/en/ServiciosConsulares/Paginas/Consular/Condiciones-de-entrada-en-Espana.aspx,EU citizens (German passport holders) may enter Spain visa-free with valid passport or national ID card valid for 3+ months; 90-day maximum stay in Schengen area.,high,2026-04-18,claude-code:haiku,yes,claude-code:sonnet
Germany,Switzerland,vf,90,https://www.sem.admin.ch/sem/en/home/overview-einreise.html,German (EU) citizens do not require a visa; visa-free entry for up to 90 days within any 180-day period.,high,2026-04-18,claude-code:haiku,yes,claude-code:sonnet
Germany,Thailand,vf,60,https://berlin.thaiembassy.org/de/page/allgemeine-informationen?menu=624afc370442b4457e30b123,German passport holders can enter Thailand visa-free for up to 60 days for tourism and business purposes.,high,2026-04-18,claude-code:haiku,yes,claude-code:sonnet
Germany,Turkey,vf,90,https://www.mfa.gov.tr/visa-information-for-foreigners.en.mfa,German citizens exempt from visa for tourism; maximum 90 days within any 180-day period.,high,2026-04-18,claude-code:haiku,yes,claude-code:sonnet
Germany,United Arab Emirates,vf,90,https://www.mofa.gov.ae/en/visa-exemptions-for-non-citizen,German citizens may enter the UAE visa-free for up to 90 days within any 180-day period with a valid passport (6+ months validity).,high,2026-04-18,claude-code:haiku,no,claude-code:sonnet
Germany,United Kingdom,eta,180,https://www.gov.uk/eta,"German citizens require a UK Electronic Travel Authorization (ETA, £20) valid for 2 years; permits tourism for up to 6 months.",high,2026-04-18,claude-code:haiku,yes,claude-code:sonnet
Germany,United States,eta,90,https://travel.state.gov/content/travel/en/us-visas/tourism-visit/visa-waiver-program.html,German passport holders qualify for the Visa Waiver Program; requires approved ESTA before travel; permitted stay up to 90 days.,high,2026-04-18,claude-code:haiku,yes,claude-code:sonnet
India,Australia,ev,90,https://india.embassy.gov.au/ndli/vm_visitaus.html,"Indian passport holders require a Visitor visa (subclass 600), applied online before travel; typically granted for up to 3 months.",high,2026-04-18,claude-code:haiku,yes,claude-code:sonnet
India,Canada,vr,180,https://www.canada.ca/en/immigration-refugees-citizenship/services/visit-canada/visitor-visa.html,Indian passport holders require a Temporary Resident Visa (TRV) applied in advance; Canada does not offer visa-on-arrival.,medium,2026-04-18,claude-code:haiku,yes,claude-code:sonnet
India,France,vr,90,https://france-visas.gouv.fr/,Schengen short-stay visa required; apply at French consulate in India with minimum 5 days notice.,medium,2026-04-18,claude-code:haiku,yes,claude-code:sonnet
India,Germany,vr,90,https://india.diplo.de/in-en/service/2341254-2341254,"Indian citizens require a Schengen visa (Type C) for tourism; valid for up to 90 days within a 180-day period; must apply in advance, no visa-on-arrival.",medium,2026-04-18,claude-code:haiku,yes,claude-code:sonnet
India,Greece,vr,90,https://in-gr.gvcworld.eu/en/visa-info-tourism,Short-stay Schengen visa required; apply in advance at the Global Visa Center (official service provider for Greece in India).,medium,2026-04-18,claude-code:haiku,yes,claude-code:sonnet
India,Indonesia,ev,30,https://evisa.imigrasi.go.id/front/info/evoa,Indian nationals can obtain a Visitor e-Visa for a single-entry 30-day stay; extendable to 60 days total.,high,2026-04-18,claude-code:haiku,no,claude-code:sonnet
India,Italy,vr,90,https://ambnewdelhi.esteri.it/en/servizi-consolari-e-visti/servizi-per-il-cittadino-straniero/visti/,Indian nationals require a Schengen C visa applied through the Italian Embassy or VFS Global centers; valid for stays up to 90 days within 180 days.,medium,2026-04-18,claude-code:haiku,yes,claude-code:sonnet
India,Japan,ev,90,https://www.mofa.go.jp/j_info/visit/visa/visaonline.html,"Indian nationals can apply for Japan e-visa (single-entry) for tourist visits up to 90 days, available through VFS Global visa application centers since April 2024.",high,2026-04-18,claude-code:haiku,no,claude-code:sonnet
India,Malaysia,vf,30,https://www.imi.gov.my/index.php/en/main-services/visa/visa-requirement-by-country/,Indian nationals are visa-exempt for Malaysia until 31 December 2026 for tourism purposes; 30-day stay permitted with valid passport (6+ months validity) and Malaysia Digital Arrival Card submission.,high,2026-04-18,claude-code:haiku,yes,claude-code:sonnet
India,Mexico,vr,,https://www.indiainmexico.gov.in/public_files/assets/pdf/IMPORTANT_NOTICE_TO_INDIAN_NATIONALS_TRAVELLING_TO_MEXICO.pdf,"Indian nationals require a visitor visa in advance from the Mexican Embassy; visa-free entry permitted only with valid US, Canada, Japan, UK, or Schengen visa.",high,2026-04-18,claude-code:haiku,yes,claude-code:sonnet
India,Netherlands,vr,90,https://www.netherlandsworldwide.nl/visa-the-netherlands/schengen-visa/apply-india,Indian passport holders require a Schengen visa (advance embassy application). Maximum 90 days in 180-day period.,medium,2026-04-18,claude-code:haiku,yes,claude-code:sonnet
India,Singapore,ev,,https://www.ica.gov.sg/enter-transit-depart/entering-singapore/visa_requirements/visa-detail-page/india,"Indian passport holders require an electronic visa (e-visa) to enter Singapore; apply online with S$30 fee, processing typically within 3 working days.",high,2026-04-18,claude-code:haiku,no,claude-code:sonnet
India,South Korea,vr,90,https://www.visa.go.kr/,Indian nationals require a C-3-9 Tourist Visa and must apply in advance through official application centers.,medium,2026-04-18,claude-code:haiku,yes,claude-code:sonnet
India,Spain,vr,90,https://home-affairs.ec.europa.eu/policies/schengen/visa-policy/applying-schengen-visa_en,Schengen visa required; permits 90-day stay within any 180-day period.,high,2026-04-18,claude-code:haiku,yes,claude-code:sonnet
India,Switzerland,vr,90,https://www.myswitzerland.com/en-in/planning/about-switzerland/general-facts/entry/visa-regulations-for-indian-passport-holders/,Schengen visa required for short stays up to 90 days within 180-day period; apply at Swiss embassy or consulate.,medium,2026-04-18,claude-code:haiku,yes,claude-code:sonnet
India,Thailand,vf,60,https://newdelhi.thaiembassy.org/en/page/visa,Indian passport holders receive 60-day visa-free entry for tourism and short-term business; extendable for 30 days in-country.,high,2026-04-18,claude-code:haiku,yes,claude-code:sonnet
India,Turkey,ev,30,https://newdelhi-emb.mfa.gov.tr/Mission/ShowAnnouncement/361514,"Indian passport holders eligible for e-visa if they possess valid visa/residence permit from Schengen, USA, UK, or Ireland countries. Apply at evisa.gov.tr.",high,2026-04-18,claude-code:haiku,yes,claude-code:sonnet
India,United Arab Emirates,vr,30,https://www.mofa.gov.ae/en/missions/new-delhi/services/visas,"Tourist visa required; must be arranged through UAE-based sponsor (hotel booking, airline, or travel agent) before travel.",high,2026-04-18,claude-code:haiku,no,claude-code:sonnet
India,United Kingdom,vr,180,https://www.gov.uk/standard-visitor,Indian nationals require a Standard Visitor visa to enter the UK for tourism; maximum stay up to 6 months.,high,2026-04-18,claude-code:haiku,yes,claude-code:sonnet
India,United States,vr,180,https://travel.state.gov/content/travel/en/us-visas/tourism-visit/visitor.html,B-2 tourist visa required; apply at US Embassy or Consulate in India.,high,2026-04-18,claude-code:haiku,yes,claude-code:sonnet
Japan,Australia,eta,90,https://immi.homeaffairs.gov.au/visas/getting-a-visa/visa-listing/electronic-travel-authority-601,Japanese passport holders can apply for an ETA (Electronic Travel Authority) to visit Australia for tourism; valid for up to 3 months per entry.,high,2026-04-18,claude-code:haiku,,claude-code:sonnet
Japan,Canada,eta,180,https://www.canada.ca/en/immigration-refugees-citizenship/services/visit-canada/eta.html,"Japanese citizens are visa-exempt and require Electronic Travel Authorization (eTA) to enter Canada by air; valid up to 5 years, CAD $7, typically approved within minutes.",high,2026-04-18,claude-code:haiku,,claude-code:sonnet
Japan,France,vf,90,https://www.eeas.europa.eu/japan/travel_en,Japanese passport holders can enter France visa-free for up to 90 days within any 180-day period for tourism and business purposes.,high,2026-04-18,claude-code:haiku,,claude-code:sonnet
Japan,Germany,vf,90,https://japan.diplo.de/ja-de/service/entry/932308,Japanese passport holders do not need a visa for tourist stays up to 90 days in Germany.,high,2026-04-18,claude-code:haiku,,claude-code:sonnet
Japan,Greece,vf,90,https://www.mfa.gr/missionsabroad/en/japan-en/visas/schengen-visas.html,Japanese citizens can enter Greece visa-free for up to 90 days within a 180-day period as part of Schengen Area exemption.,high,2026-04-18,claude-code:haiku,,claude-code:sonnet
Japan,Indonesia,voa,30,https://evisa.imigrasi.go.id/front/info/evoa,Japan is eligible for 30-day Visitor Visa on Arrival at Indonesian ports of entry.,high,2026-04-18,claude-code:haiku,,claude-code:sonnet
Japan,Italy,vf,90,https://www.vistoperitalia.it/en/paesi-senza-visto-italia/,Japanese citizens may enter Italy visa-free for tourism for up to 90 days within any 180-day period.,medium,2026-04-18,claude-code:haiku,,claude-code:sonnet
Japan,Malaysia,vf,90,https://www.imi.gov.my/index.php/en/main-services/visa/visa-requirement-by-country/,Japanese citizens do not require a visa for tourist/social visits up to 90 days.,high,2026-04-18,claude-code:haiku,,claude-code:sonnet
Japan,Mexico,vf,180,https://embamex.sre.gob.mx/canada/index.php/en/sconeng/11352-visitorsnovisarequired,Japanese nationals are visa-free for tourism in Mexico for up to 180 days.,high,2026-04-18,claude-code:haiku,,claude-code:sonnet
Japan,Netherlands,vf,90,https://www.netherlandsworldwide.nl/visa-the-netherlands/schengen-visa/apply-japan,Japanese nationals are visa-free for Netherlands as part of Schengen zone; max 90 days in any 180-day period.,high,2026-04-18,claude-code:haiku,,claude-code:sonnet
Japan,Singapore,vf,30,https://tokyo.mfa.gov.sg/visa-information/,Japanese nationals do not need to apply for a visa to travel to Singapore for leisure or business; 6-month passport validity required.,high,2026-04-18,claude-code:haiku,,claude-code:sonnet
Japan,South Korea,vf,90,https://www.k-eta.go.kr/,"Visa-free entry for up to 90 days; K-ETA exemption for Japan extends through December 31, 2026.",high,2026-04-18,claude-code:haiku,,claude-code:sonnet
Japan,Spain,vf,90,https://www.exteriores.gob.es/Embajadas/tokio/en/ServiciosConsulares/Paginas/Consular/Visados-Schengen.aspx,No Schengen visa required for Japanese passport holders; visa-free entry for up to 90 days.,high,2026-04-18,claude-code:haiku,,claude-code:sonnet
Japan,Switzerland,vf,90,https://www.eda.admin.ch/countries/japan/en/home/visa-entry-to-switzerland/entry-ch/up-90-days/do-i-need-a-schengen-visa.html,Visa-free entry for up to 90 days within a 180-day period for Japanese tourists.,high,2026-04-18,claude-code:haiku,,claude-code:sonnet
Japan,Thailand,vf,30,https://www.mfa.go.th/en/page/general-information,Japanese passport holders can enter Thailand visa-free for up to 30 days for tourism under bilateral visa exemption agreement.,high,2026-04-18,claude-code:haiku,,claude-code:sonnet
Japan,Turkey,vf,90,https://www.mfa.gov.tr/visa-information-for-foreigners.en.mfa,Japanese passport holders are exempt from visa requirements for tourist visits up to 90 days per 180-day period.,high,2026-04-18,claude-code:haiku,,claude-code:sonnet
Japan,United Arab Emirates,vf,90,https://www.mofa.gov.ae/en/visa-exemptions-for-non-citizen,"Japanese nationals with valid passports can enter the UAE visa-free for up to 90 days, effective from August 1, 2024.",high,2026-04-18,claude-code:haiku,,claude-code:sonnet
Japan,United Kingdom,eta,180,https://www.gov.uk/eta,Japanese passport holders require an Electronic Travel Authorisation (ETA) costing £20 for tourist visits up to 6 months.,high,2026-04-18,claude-code:haiku,,claude-code:sonnet
Japan,United States,eta,90,https://travel.state.gov/content/travel/en/us-visas/tourism-visit/visa-waiver-program.html,Japanese citizens part of US Visa Waiver Program; must obtain ESTA before boarding air/sea carrier.,high,2026-04-18,claude-code:haiku,,claude-code:sonnet
Singapore,Australia,eta,90,https://singapore.embassy.gov.au/sing/visas_and_migration.html,"Singapore passport holders are eligible for Australia's Electronic Travel Authority (ETA subclass 601); valid for 12 months with multiple entries, up to 90 days per visit.",high,2026-04-18,claude-code:haiku,,claude-code:sonnet
Singapore,Canada,eta,180,https://ircc.canada.ca/english/visit/visas.asp?country=Singapore,Singapore passport holders are visa-exempt and can enter Canada for up to 6 months with an eTA (required for air travel only).,high,2026-04-18,claude-code:haiku,,claude-code:sonnet
Singapore,France,vf,90,https://www.mfa.gov.sg/travelling-overseas/travel-advisories-notices-and-visa-information/france/,Singapore passport holders can enter France visa-free for up to 90 days within any 180-day period for tourism and business.,high,2026-04-18,claude-code:haiku,,claude-code:sonnet
Singapore,Germany,vf,90,https://singapur.diplo.de/sg-en/service/05-visaeinreise/1225482-1225482,Singapore citizens do not need a visa to enter Germany as tourists if staying 90 days or less within 6 months.,high,2026-04-18,claude-code:haiku,,claude-code:sonnet
Singapore,Greece,vf,90,https://www.mfa.gr/missionsabroad/en/visas.html?mission=sgp&mis=singapore,Singapore passport holders are visa-free for Greece; can stay up to 90 days within any 180-day period in the Schengen area.,high,2026-04-18,claude-code:haiku,,claude-code:sonnet
Singapore,Indonesia,vf,30,https://indonesianembassy.de/visa/visa-exemption/,Singapore citizens (ASEAN member) enjoy visa-free entry for up to 30 days for tourism; non-extendable.,high,2026-04-18,claude-code:haiku,,claude-code:sonnet
Singapore,Italy,vf,90,https://ambsingapore.esteri.it/en/servizi-consolari-e-visti/servizi-per-il-cittadino-straniero/visti/,Singapore passport holders are exempt from Schengen visa requirements for short stays up to 90 days within 180 days.,high,2026-04-18,claude-code:haiku,,claude-code:sonnet
Singapore,Japan,vf,90,https://www.sg.emb-japan.go.jp/itpr_en/visa_requirement.html,"Singapore citizens are visa-exempt for up to 90 days for temporary visits (tourism, business, visiting friends/relatives).",high,2026-04-18,claude-code:haiku,,claude-code:sonnet
Singapore,Malaysia,vf,30,https://www.imi.gov.my/index.php/en/main-services/visa/visa-requirement-by-country/,Singapore nationals do not require a visa for entry to Malaysia; visa-free for up to 30 days as ASEAN member state.,high,2026-04-18,claude-code:haiku,,claude-code:sonnet
Singapore,Mexico,vf,180,https://embamex.sre.gob.mx/singapur/index.php/consular-services/visas,Singapore passport holders do not require a visa for Mexico; visa-free entry up to 180 days for tourism.,high,2026-04-18,claude-code:haiku,,claude-code:sonnet
Singapore,Netherlands,vf,90,https://www.netherlandsworldwide.nl/visa-the-netherlands/schengen-visa/apply-singapore,Singapore citizens do not need a visa; visa-free entry for up to 90 days within 180 days in the Schengen area.,high,2026-04-18,claude-code:haiku,,claude-code:sonnet
Singapore,South Korea,vf,90,https://www.mfa.gov.sg/travelling-overseas/travel-advisories-notices-and-visa-information/republic-of-south-korea/,Singapore passport holders do not require a visa for short-term tourist entry to South Korea; visa-free stay permitted for up to 90 days.,high,2026-04-18,claude-code:haiku,,claude-code:sonnet
Singapore,Spain,vf,90,https://www.visa-schengen.info/en/travelling-in-europe/exempted-countries/,Singapore is visa-exempt for Schengen entry; tourists may stay up to 90 days within any 180-day period.,low,2026-04-18,claude-code:haiku,,claude-code:sonnet
Singapore,Switzerland,vf,90,https://www.sem.admin.ch/sem/en/home/publiservice/weisungen-kreisschreiben/visa/liste1_staatsangehoerigkeit/s.html,Visa-free entry for up to 90 days within any 180-day period; passport valid 3+ months beyond departure.,high,2026-04-18,claude-code:haiku,,claude-code:sonnet
Singapore,Thailand,vf,60,https://singapore.thaiembassy.org/en/page/tourist-visa,Singapore citizens enjoy visa-free entry for 60 days as tourists; TDAC (Thailand Digital Arrival Card) submission required online within 3 days prior to arrival.,high,2026-04-18,claude-code:haiku,,claude-code:sonnet
Singapore,Turkey,vf,90,https://www.mfa.gov.tr/visa-information-for-foreigners.en.mfa,Singapore passport holders are visa-exempt for tourism up to 90 days within 180 days.,high,2026-04-18,claude-code:haiku,,claude-code:sonnet
Singapore,United Arab Emirates,vf,30,https://www.mofa.gov.ae/en/Missions/Singapore/Services/Visas,Singapore passport holders are exempt from visa requirements and receive a 30-day visit visa upon arrival.,high,2026-04-18,claude-code:haiku,,claude-code:sonnet
Singapore,United Kingdom,eta,180,https://www.gov.uk/guidance/check-when-you-can-get-an-electronic-travel-authorisation-eta,Singapore passport holders must obtain a UK Electronic Travel Authorisation (ETA) online before travel to visit as a tourist for up to 6 months.,high,2026-04-18,claude-code:haiku,,claude-code:sonnet
Singapore,United States,eta,90,https://travel.state.gov/content/travel/en/us-visas/tourism-visit/visa-waiver-program.html,Singapore citizens qualify for the Visa Waiver Program and can visit the US for tourism for up to 90 days with ESTA approval.,high,2026-04-18,claude-code:haiku,,claude-code:sonnet
United Kingdom,Australia,ev,90,https://uk.embassy.gov.au/lhlh/visas_and_migration.html,eVisitor visa required; apply online before travel for up to 3-month stays.,high,2026-04-18,claude-code:haiku,,claude-code:sonnet
United Kingdom,Canada,eta,180,https://www.canada.ca/en/immigration-refugees-citizenship/services/visit-canada/eta.html,UK citizens need an electronic travel authorization (eTA) to board flights to Canada; costs CAD $7 and is valid for up to 5 years. Valid for stays up to 6 months.,medium,2026-04-18,claude-code:haiku,,claude-code:sonnet
United Kingdom,France,vf,90,https://www.gov.uk/foreign-travel-advice/france/entry-requirements,UK passport holders can travel visa-free to France for up to 90 days in any 180-day period.,high,2026-04-18,claude-code:haiku,,claude-code:sonnet
United Kingdom,Germany,vf,90,https://uk.diplo.de/uk-en/02/do-i-need-a-visa-2442126,UK citizens do not require a visa for tourism in Germany; visa-free stay limited to 90 days within any 180-day period under Schengen rules.,medium,2026-04-18,claude-code:haiku,,claude-code:sonnet
United Kingdom,Greece,vf,90,https://www.gov.uk/foreign-travel-advice/greece/entry-requirements,UK passport holders can travel visa-free to Greece (Schengen area) for up to 90 days within any 180-day period.,high,2026-04-18,claude-code:haiku,,claude-code:sonnet
United Kingdom,Indonesia,voa,30,https://www.gov.uk/foreign-travel-advice/indonesia/entry-requirements,"30-day Visa on Arrival obtainable at major airports and ports for 500,000 Indonesian Rupiah; alternatively apply for e-visa online.",high,2026-04-18,claude-code:haiku,,claude-code:sonnet
United Kingdom,Italy,vf,90,https://www.gov.uk/foreign-travel-advice/italy/entry-requirements,UK passport holders can enter Italy visa-free for tourism for up to 90 days within any 180-day period.,high,2026-04-18,claude-code:haiku,,claude-code:sonnet
United Kingdom,Japan,vf,90,https://www.gov.uk/foreign-travel-advice/japan/entry-requirements,UK passport holders are visa-free for short-term tourism; 90-day visitor exemption stamp issued on arrival.,high,2026-04-18,claude-code:haiku,,claude-code:sonnet
United Kingdom,Malaysia,vf,90,https://www.imi.gov.my/index.php/en/main-services/visa/visa-requirement-by-country/,UK citizens are visa-free; automatic social visit pass granted on arrival for up to 90 days.,high,2026-04-18,claude-code:haiku,,claude-code:sonnet
United Kingdom,Mexico,vf,180,https://consulmex.sre.gob.mx/reinounido/index.php/es/contenido/92-tourist-visa,UK passport holders enter visa-free for tourism and may stay up to 180 days; valid passport required.,medium,2026-04-18,claude-code:haiku,,claude-code:sonnet
United Kingdom,Netherlands,vf,90,https://www.netherlandsworldwide.nl/visa-the-netherlands/schengen-visa/apply-united-kingdom,British passport holders do not require a visa to visit the Netherlands; visa-free entry permitted for up to 90 days within any 180-day period.,medium,2026-04-18,claude-code:haiku,,claude-code:sonnet
United Kingdom,Singapore,vf,90,https://www.gov.uk/foreign-travel-advice/singapore/entry-requirements,UK passport holders can enter Singapore visa-free for tourism; stay normally permitted between 30-90 days at immigration officer's discretion.,high,2026-04-18,claude-code:haiku,,claude-code:sonnet
United Kingdom,South Korea,vf,90,https://overseas.mofa.go.kr/gb-en/wpge/m_8346/contents.do,UK passport holders are visa-free for up to 90 days; K-ETA exemption extended through 31 December 2026; e-arrival card required.,medium,2026-04-18,claude-code:haiku,,claude-code:sonnet
United Kingdom,Spain,vf,90,https://www.gov.uk/foreign-travel-advice/spain/entry-requirements,UK passport holders can visit visa-free for up to 90 days within any 180-day period; passport must be valid for at least 3 months beyond departure.,high,2026-04-18,claude-code:haiku,,claude-code:sonnet
United Kingdom,Switzerland,vf,90,https://www.sem.admin.ch/sem/en/home/themen/einreise/faq.html,UK passport holders do not require a visa for tourist stays up to 90 days in any 180-day period within the Schengen area.,medium,2026-04-18,claude-code:haiku,,claude-code:sonnet
United Kingdom,Thailand,vf,60,https://london.thaiembassy.org/en/page/exemp-visa,UK passport holders can enter Thailand visa-free for up to 60 days; proof of return travel required.,high,2026-04-18,claude-code:haiku,,claude-code:sonnet
United Kingdom,Turkey,vf,90,https://www.mfa.gov.tr/visa-information-for-foreigners.en.mfa,UK ordinary passport holders are exempt from visas for up to 90 days in any 180-day period for tourism.,high,2026-04-18,claude-code:haiku,,claude-code:sonnet
United Kingdom,United Arab Emirates,vf,90,https://www.gov.uk/foreign-travel-advice/united-arab-emirates/entry-requirements,Free visa upon arrival valid for 90 days within a 180-day rolling period; no advance application required.,high,2026-04-18,claude-code:haiku,,claude-code:sonnet
United Kingdom,United States,eta,90,https://travel.state.gov/content/travel/en/us-visas/tourism-visit/visa-waiver-program.html,UK passport holders eligible for Visa Waiver Program; require ESTA approval before travel; maximum 90-day stay.,high,2026-04-18,claude-code:haiku,,claude-code:sonnet
United States,Australia,eta,90,https://immi.homeaffairs.gov.au/visas/getting-a-visa/visa-listing/electronic-travel-authority-601,"US citizens must apply for an Electronic Travel Authority (ETA), valid for up to 90 days per entry within a 12-month period.",high,2026-04-18,claude-code:haiku,,claude-code:sonnet
United States,Canada,vf,180,https://ircc.canada.ca/english/helpcentre/answer.asp?qnum=1116&top=16,US citizens do not need a visa or eTA; valid passport required for entry. Maximum stay 6 months.,medium,2026-04-18,claude-code:haiku,,claude-code:sonnet
United States,France,vf,90,https://travel.state.gov/content/travel/en/international-travel/before-you-go/travelers-with-special-considerations/US_Travelers_in_Europes_Schengen_Area.html,US citizens can stay up to 90 days within any 180-day period visa-free for tourism or business purposes.,high,2026-04-18,claude-code:haiku,,claude-code:sonnet
United States,Germany,vf,90,https://travel.state.gov/content/travel/en/international-travel/International-Travel-Country-Information-Pages/Germany.html,US citizens can stay up to 90 days without a visa; valid passport required with 3 months beyond departure.,high,2026-04-18,claude-code:haiku,,claude-code:sonnet
United States,Greece,vf,90,https://travel.state.gov/content/travel/en/international-travel/International-Travel-Country-Information-Pages/Greece.html,US citizens can visit Greece visa-free for up to 90 days within 180 days; valid passport required.,high,2026-04-18,claude-code:haiku,,claude-code:sonnet
United States,Indonesia,ev,30,https://evisa.imigrasi.go.id/front/info/evoa,"Electronic Visa on Arrival (e-VOA) required, costs 500,000 rupiah (~$35), valid for 30 days from entry; extendable once for additional 30 days.",high,2026-04-18,claude-code:haiku,,claude-code:sonnet
United States,Italy,vf,90,https://travel.state.gov/content/travel/en/international-travel/International-Travel-Country-Information-Pages/Italy.html,US citizens may enter Italy for up to 90 days for tourist purposes without a visa under the Schengen area visa waiver.,high,2026-04-18,claude-code:haiku,,claude-code:sonnet
United States,Japan,vf,90,https://travel.state.gov/content/travel/en/international-travel/International-Travel-Country-Information-Pages/Japan.html,US citizens can enter Japan visa-free for up to 90 days for tourism; cannot work.,high,2026-04-18,claude-code:haiku,,claude-code:sonnet
United States,Malaysia,vf,90,https://travel.state.gov/content/travel/en/international-travel/International-Travel-Country-Information-Pages/Malaysia.html,US citizens do not require a visa for tourism stays up to 90 days; social visit pass issued on arrival.,high,2026-04-18,claude-code:haiku,,claude-code:sonnet
United States,Mexico,vf,,https://travel.state.gov/content/travel/en/international-travel/International-Travel-Country-Information-Pages/Mexico.html,No visa required for tourist visits; Mexican immigration determines authorized stay length upon arrival (typically 30–180 days).,high,2026-04-18,claude-code:haiku,,claude-code:sonnet
United States,Netherlands,vf,90,https://travel.state.gov/content/travel/en/international-travel/International-Travel-Country-Information-Pages/Netherlands.html,No visa required for tourist stays up to 90 days; part of Schengen Agreement visa waiver.,high,2026-04-18,claude-code:haiku,,claude-code:sonnet
United States,Singapore,vf,90,https://washington.mfa.gov.sg/visa-and-entry-requirements/,US passport holders do not require a visa for tourism; 90-day visa-free entry granted via electronic visit pass upon arrival.,high,2026-04-18,claude-code:haiku,,claude-code:sonnet
United States,South Korea,vf,90,https://travel.state.gov/content/travel/en/international-travel/International-Travel-Country-Information-Pages/SouthKorea.html,US citizens may stay visa-free for 90 days or less for tourism or business.,high,2026-04-18,claude-code:haiku,,claude-code:sonnet
United States,Spain,vf,90,https://www.exteriores.gob.es/Consulados/washington/en/ServiciosConsulares/Paginas/Consular/Condiciones-de-entrada-en-Espana.aspx,US citizens can visit Spain for up to 90 days in any 180-day period without a visa.,medium,2026-04-18,claude-code:haiku,,claude-code:sonnet
United States,Switzerland,vf,90,https://travel.state.gov/content/travel/en/international-travel/International-Travel-Country-Information-Pages/Switzerland.html,US citizens may enter Switzerland visa-free for up to 90 days for tourism or business.,high,2026-04-18,claude-code:haiku,,claude-code:sonnet
United States,Thailand,vf,60,https://travel.state.gov/content/travel/en/international-travel/International-Travel-Country-Information-Pages/Thailand.html,US citizens can enter visa-free for up to 60 days; pre-arrival online registration required.,high,2026-04-18,claude-code:haiku,,claude-code:sonnet
United States,Turkey,vf,90,https://travel.state.gov/content/travel/en/international-travel/International-Travel-Country-Information-Pages/Turkey.html,US citizens exempt from visa for tourism stays up to 90 days in any 180-day period.,high,2026-04-18,claude-code:haiku,,claude-code:sonnet
United States,United Arab Emirates,vf,30,https://travel.state.gov/content/travel/en/international-travel/International-Travel-Country-Information-Pages/UnitedArabEmirates.html,US passport holders are granted visa-free entry for up to 30 days; extension available at discretion of immigration officials.,high,2026-04-18,claude-code:haiku,,claude-code:sonnet
United States,United Kingdom,eta,180,https://www.gov.uk/standard-visitor,US passport holders require an Electronic Travel Authorization (ETA) before travel; Standard Visitors may stay up to 6 months.,high,2026-04-18,claude-code:haiku,,claude-code:sonnet
